record_id,sample_id,taxon_id,value
1,1757-01,3,0.2
2,1757-01,9,0.1
3,1757-01,10,0.1
4,1757-01,24,6
5,1757-01,31,0.8
6,1757-01,34,0.1
7,1757-01,52,0.1
8,1757-01,62,0.1
9,1757-02,1,0.1
10,1757-02,9,0.1
11,1757-02,11,2
12,1757-02,20,4
13,1757-02,24,5
14,1757-02,44,0.1
15,1757-02,50,0.5
16,1757-06,9,0.2
17,1757-06,42,1.8
18,1757-07,24,8
19,1757-07,44,0.2
20,1757-09,3,0.1
21,1757-09,18,0.1
22,1757-09,24,0.1
23,1757-09,31,0.5
24,1757-09,52,0.1
25,1757-10,9,0.1
26,1757-10,13,1
27,1757-10,20,2
28,1757-10,22,0.1
29,1757-10,24,8
30,1757-10,27,0.3
31,1757-10,49,0.3
32,1757-14,10,3
33,1757-14,24,1.5
34,1757-14,44,0.1
35,1757-16,31,4.5
36,1757-18,8,0.1
37,1757-18,13,2
38,1757-18,24,8
39,1757-23,31,0.2
40,1757-23,42,0.3
41,1757-23,44,0.5
42,1757-24,14,0.1
43,1757-24,27,0.3
44,1757-24,30,0.9
45,1757-24,44,0.1
46,1757-28,8,0.1
47,1757-28,13,0.2
48,1757-28,31,1.3
49,1757-28,44,0.3
50,1757-28,54,0.1
51,1757-31,9,0.1
52,1757-31,28,0.1
53,1757-31,31,1
54,1757-31,44,0.3
55,1757-35,3,0.1
56,1757-35,8,1
57,1757-35,11,0.5
58,1757-35,24,2
59,1757-35,28,0.1
60,1757-35,44,0.1
61,1757-36,11,1
62,1757-36,23,1
63,1757-36,42,1
64,1757-38,24,8
65,1757-38,61,0.2
66,1757-40,22,3
67,1757-40,24,2
68,1757-40,46,1
69,1757-43,8,3.1
70,1757-43,9,3
71,1757-43,30,2
72,1757-43,32,0.1
73,1757-44,18,0.3
74,1757-44,42,1.2
75,1757-44,44,0.2
76,1757-46,20,3
77,1757-46,28,0.1
78,1757-46,30,5
79,1757-46,49,2
80,1757-46,59,0.1
81,1771-01,31,0.3
82,1771-01,42,12
83,1771-02,10,0.1
84,1771-02,24,6
85,1771-02,31,0.1
86,1771-02,40,0.5
87,1771-02,50,0.3
88,1771-04,5,2
89,1771-04,23,0.2
90,1771-04,50,0.1
91,1771-04,54,0.3
92,1771-06,31,2
93,1771-08,31,1
94,1771-10,18,0.1
95,1771-10,23,0.5
96,1771-10,31,0.5
97,1771-10,42,0.2
98,1771-11,8,0.1
99,1771-11,31,2
100,1771-11,42,3
101,1771-12,3,0.1
102,1771-12,18,0.3
103,1771-12,24,6
104,1771-13,3,0.5
105,1771-13,24,4
106,1771-13,40,0.6
107,1771-13,44,0.1
108,1771-13,50,0.2
109,1771-13,59,0.3
110,1771-17,31,2
111,1771-17,42,4
112,1771-18,4,0.5
113,1771-18,9,0.1
114,1771-18,24,2
115,1771-21,23,0.1
116,1771-21,24,4
117,1771-21,31,0.2
118,1771-21,44,0.1
119,1771-21,58,0.1
120,1771-23,31,4
121,1771-24,11,0.5
122,1771-24,31,1
123,1771-24,42,1.5
124,1771-27,10,0.3
125,1771-27,23,1
126,1771-27,31,1.7
127,1771-35,24,2
128,1771-37,4,0.1
129,1771-37,23,1
130,1771-37,24,0.5
131,1771-37,29,0.1
132,1771-37,31,4.1
133,1771-37,44,0.1
134,1771-41,31,4
135,1771-49,24,4
136,1771-49,35,2
137,1771-49,44,0.1
138,1771-50,3,0.2
139,1771-50,9,0.1
140,1771-50,28,0.9
141,1771-50,31,0.2
142,1771-50,42,5.3
143,1771-50,44,0.9
144,1787-04,42,4
145,1787-06,23,0.2
146,1787-06,42,1.5
147,1787-06,46,0.3
148,1787-07,23,2
149,1787-08,23,0.1
150,1787-08,31,2
151,1787-08,46,0.5
152,1787-09,31,1.7
153,1787-15,11,0.2
154,1787-15,31,1.5
155,1787-15,54,0.3
156,1787-21,13,0.2
157,1787-21,31,0.1
158,1787-21,42,0.3
159,1787-23,42,0.5
160,1787-25,2,0.1
161,1787-25,23,0.2
162,1787-25,31,0.1
163,1787-27,19,0.3
164,1787-27,23,0.2
165,1787-28,42,0.1
166,1787-28,54,0.1
167,1787-29,11,0.1
168,1787-29,31,0.2
169,1787-29,32,0.1
170,1787-39,42,2
171,1787-40,23,3
172,1787-40,24,1
173,1787-40,46,2
174,1787-41,23,0.5
175,1787-41,31,0.1
176,1787-41,42,0.5
177,1787-44,23,0.1
178,1787-44,42,0.6
179,1787-44,54,0.3
180,1787-45,42,5
181,1787-45,44,0.1
182,1787-45,46,0.3
183,1787-46,31,1
184,1787-46,42,3
185,1787-48,24,0.2
186,1787-48,46,0.2
187,1787-48,53,0.3
188,1787-50,31,5.7
189,1787-50,54,0.3
190,1796-01,4,6
191,1796-02,11,0.1
192,1796-02,18,0.5
193,1796-02,23,0.2
194,1796-02,31,0.5
195,1796-08,31,3
196,1796-13,22,5
197,1796-22,22,5
198,1796-23,23,1
199,1796-23,37,5
200,1796-24,36,3
201,1796-27,22,7
202,1796-28,9,0.1
203,1796-28,11,0.1
204,1796-28,31,0.5
205,1796-29,23,2
206,1796-29,36,5
207,1796-29,44,0.1
208,1796-30,9,0.1
209,1796-30,31,0.1
210,1796-30,42,2
211,1796-33,22,6
212,1796-33,23,0.1
213,1796-36,37,6
214,1796-38,22,1.5
215,1796-41,31,1.8
216,1796-41,44,0.1
217,1796-41,54,0.1
218,1796-43,9,0.1
219,1796-43,31,0.5
220,1796-43,44,0.1
221,1796-43,51,0.1
222,1796-44,22,1
223,1796-45,31,1
224,1796-47,22,0.5
225,1796-49,11,0.1
226,1796-49,23,0.2
227,1796-49,31,0.6
228,1796-49,32,0.1
229,1807-01,9,0.1
230,1807-01,13,0.5
231,1807-01,29,0.3
232,1807-05,9,0.2
233,1807-05,31,0.1
234,1807-05,42,0.4
235,1807-10,23,1
236,1807-11,23,6
237,1807-11,37,1
238,1807-15,9,0.1
239,1807-15,23,0.2
240,1807-15,31,0.3
241,1807-17,31,0.1
242,1807-17,52,6
243,1807-18,4,0.1
244,1807-20,13,2
245,1807-20,42,0.3
246,1807-22,9,0.5
247,1807-22,23,0.3
248,1807-25,24,0.8
249,1807-27,9,0.3
250,1807-27,23,1.7
251,1807-27,31,0.1
252,1807-28,9,2
253,1807-28,23,2
254,1807-28,31,0.1
255,1807-29,4,3
256,1807-32,9,1
257,1807-32,31,0.1
258,1807-34,9,0.1
259,1807-34,11,0.1
260,1807-34,31,0.3
261,1807-34,42,4.5
262,1807-37,40,1.5
263,1807-38,4,5
264,1807-38,23,1
265,1807-47,4,1
266,1807-47,9,0.1
267,1807-47,31,1
268,1807-48,23,1
269,1807-48,31,1
270,1807-49,9,1
271,1807-49,31,1
272,1824-01,9,0.2
273,1824-01,31,2
274,1824-05,8,0.1
275,1824-05,31,1
276,1824-06,10,3
277,1824-06,22,6
278,1824-06,24,1
279,1824-06,29,0.1
280,1824-07,31,0.5
281,1824-07,55,0.5
282,1824-09,37,3
283,1824-10,22,3
284,1824-10,29,0.5
285,1824-11,22,2
286,1824-11,23,0.5
287,1824-11,53,0.5
288,1824-12,4,1
289,1824-14,23,2
290,1824-14,40,1
291,1824-15,22,2
292,1824-15,23,1
293,1824-16,9,2
294,1824-16,31,1
295,1824-18,23,0.5
296,1824-18,31,1.5
297,1824-19,4,5
298,1824-20,22,3
299,1824-21,10,4
300,1824-21,51,2
301,1824-25,37,3
302,1824-26,31,0.1
303,1824-26,46,1
304,1824-33,31,0.7
305,1824-33,44,0.3
306,1824-34,17,0.1
307,1824-34,24,0.1
308,1824-34,31,1
309,1824-37,10,3
310,2001-01,11,0.1
311,2001-01,31,4
312,2001-01,42,0.5
313,2001-03,9,0.1
314,2001-03,31,2
315,2001-03,42,0.1
316,2001-04,1,0.1
317,2001-04,9,0.5
318,2001-04,22,0.1
319,2001-04,23,0.5
320,2001-04,31,0.5
321,2001-04,46,0.5
322,2001-05,22,2.5
323,2001-05,31,0.1
324,2001-05,44,0.1
325,2001-05,53,0.1
326,2001-10,3,0.1
327,2001-10,4,1
328,2001-10,9,0.1
329,2001-10,31,4
330,2001-10,46,3
331,2001-12,22,1
332,2001-12,31,0.2
333,2001-12,39,0.1
334,2001-13,9,1
335,2001-13,11,0.2
336,2001-13,31,0.8
337,2001-13,44,0.1
338,2001-13,46,0.1
339,2001-14,9,0.1
340,2001-14,31,0.1
341,2001-14,42,2
342,2001-17,31,0.7
343,2001-17,32,0.1
344,2001-17,46,0.2
345,2001-26,9,0.2
346,2001-26,23,0.2
347,2001-26,31,0.8
348,2001-26,46,0.1
349,2001-35,4,1
350,2001-35,9,0.7
351,2001-35,13,0.3
352,2001-41,8,0.5
353,2001-41,9,0.5
354,2001-41,11,0.1
355,2001-41,31,0.5
356,2001-43,9,0.1
357,2001-43,11,0.1
358,2001-43,31,1
359,2001-43,35,0.2
360,2001-43,42,2.5
361,2001-43,44,0.1
362,2001-43,46,3
363,2001-45,9,0.3
364,2001-45,22,0.7
365,2001-47,9,0.3
366,2001-47,11,0.1
367,2001-47,31,2
368,2001-49,11,0.1
369,2001-49,24,5
370,2001-49,31,3
371,2008-01,23,1
372,2008-01,31,0.1
373,2008-07,23,0.1
374,2008-07,46,1
375,2008-08,31,1
376,2008-08,42,1
377,2008-11,23,0.1
378,2008-11,25,0.2
379,2008-11,36,3
380,2008-12,6,0.1
381,2008-12,25,0.1
382,2008-12,31,2.5
383,2008-13,8,0.5
384,2008-13,22,0.5
385,2008-13,29,1
386,2008-14,9,1
387,2008-16,46,2
388,2008-18,9,2
389,2008-18,11,0.1
390,2008-18,31,0.1
391,2008-19,11,0.1
392,2008-19,23,0.5
393,2008-21,8,0.7
394,2008-21,23,0.3
395,2008-21,31,0.1
396,2008-23,9,0.4
397,2008-23,23,1
398,2008-23,31,0.5
399,2008-23,61,0.1
400,2008-25,9,0.3
401,2008-25,32,0.5
402,2008-27,36,0.1
403,2008-28,10,0.1
404,2008-28,24,0.1
405,2008-28,46,0.1
406,2008-29,8,1
407,2008-29,31,0.1
408,2008-30,23,0.5
409,2008-30,31,0.3
410,2008-33,23,1
411,2008-34,30,0.1
412,2008-34,31,0.1
413,2008-36,31,2
414,2014-01,23,2
415,2014-07,23,1
416,2014-08,9,0.1
417,2014-08,23,0.1
418,2014-08,31,0.1
419,2014-09,9,0.1
420,2014-09,31,0.1
421,2014-09,44,0.1
422,2014-10,23,1
423,2014-10,64,3
424,2014-11,23,0.3
425,2014-11,40,0.5
426,2014-13,6,0.2
427,2014-13,11,0.1
428,2014-13,23,1
429,2014-13,31,2.6
430,2014-13,44,0.1
431,2014-14,9,1
432,2014-14,23,1
433,2014-16,4,0.8
434,2014-17,23,0.9
435,2014-17,31,0.1
436,2014-19,23,0.1
437,2014-19,31,0.1
438,2014-21,23,12
439,2014-24,9,0.1
440,2014-24,23,0.8
441,2014-24,31,0.1
442,2014-27,19,2
443,2014-28,23,0.8
444,2014-31,23,6
445,2014-32,9,0.1
446,2014-32,24,0.7
447,2014-32,29,0.1
448,2014-32,31,0.1
449,2014-35,9,1
450,2014-35,23,1
451,2014-35,44,0.1
452,2014-37,23,0.8
453,2014-43,9,0.3
454,2014-43,11,0.1
455,2014-43,23,1
456,2025-04,4,0.2
457,2025-04,8,0.1
458,2025-04,11,0.1
459,2025-04,42,1.5
460,2025-04,44,0.1
461,2025-04,45,0.3
462,2025-07,3,0.5
463,2025-07,23,0.2
464,2025-07,42,0.3
465,2025-12,23,3
466,2025-13,11,0.2
467,2025-13,31,0.2
468,2025-13,42,0.2
469,2025-13,44,0.3
470,2025-13,56,0.2
471,2025-14,24,0.2
472,2025-15,11,0.1
473,2025-15,23,0.3
474,2025-15,31,0.1
475,2025-16,11,0.2
476,2025-16,31,2
477,2025-16,44,1
478,2025-19,9,0.3
479,2025-19,11,0.3
480,2025-19,56,0.3
481,2025-21,28,0.1
482,2025-21,31,2
483,2025-21,42,2
484,2025-21,44,1
485,2025-24,31,0.4
486,2025-24,42,2.6
487,2025-24,56,0.3
488,2025-25,23,1
489,2025-29,19,0.8
490,2025-29,44,0.1
491,2025-31,10,1
492,2025-31,11,0.1
493,2025-31,21,1
494,2025-31,22,4
495,2025-31,56,8
496,2025-33,11,0.3
497,2025-33,31,0.2
498,2025-33,56,0.2
499,2025-37,23,1
500,2025-37,31,1
501,2025-40,9,0.5
502,2025-40,23,1
503,2025-40,31,0.5
504,2025-40,47,0.2
505,2025-40,56,0.1
506,2025-41,11,0.2
507,2025-41,24,1
508,2025-42,11,0.1
509,2025-42,23,2
510,2025-42,56,3
511,2025-43,2,0.5
512,2025-43,11,0.1
513,2025-43,31,1
514,2025-43,56,0.5
515,2025-46,56,0.4211
516,2036-17,9,0.3
517,2036-17,13,2
518,2036-17,31,4
519,2036-17,46,1
520,2036-20,1,0.1
521,2036-20,9,1
522,2036-20,11,0.1
523,2036-20,23,1
524,2036-20,31,0.5
525,2036-20,48,0.5
526,2036-22,9,1
527,2036-22,22,1
528,2036-25,23,3
529,2036-25,31,0.1
530,2036-25,36,0.2
531,2036-28,23,1
532,2036-28,31,1
533,2036-29,23,0.1
534,2036-29,31,0.4
535,2036-29,42,1.5
536,2036-30,9,0.5
537,2036-30,22,0.5
538,2036-31,23,0.1
539,2036-31,31,1
540,2036-32,45,3
541,2036-33,9,0.3
542,2036-33,31,0.5
543,2036-34,4,2
544,2036-35,9,0.1
545,2036-35,31,0.8
546,2036-35,54,0.1
547,2036-37,9,1.5
548,2036-37,11,1
549,2036-37,31,0.2
550,2036-38,23,1.5
551,2036-38,31,0.5
552,2036-40,9,0.2
553,2036-40,22,1.8
554,2036-40,30,2
555,2036-45,9,0.1
556,2036-45,23,0.1
557,2036-45,31,1.6
558,2036-45,54,0.1
559,2036-47,31,6
560,2036-48,11,0.1
561,2036-48,23,0.8
562,2036-48,31,0.1
563,2036-49,24,0.1
564,2036-49,31,4
565,2042-01,23,4
566,2042-05,23,2
567,2042-05,54,0.5
568,2042-06,23,8
569,2042-07,31,2.8
570,2042-07,44,0.2
571,2042-08,23,2
572,2042-14,23,4
573,2042-15,23,2
574,2042-15,44,0.2
575,2042-19,11,0.5
576,2042-19,23,1.5
577,2042-19,31,1.5
578,2042-19,44,0.5
579,2042-19,56,0.5
580,2042-21,23,3
581,2042-22,23,2
582,2042-24,23,2
583,2042-25,11,0.1
584,2042-25,23,2
585,2042-25,31,1
586,2042-25,44,0.1
587,2042-25,54,0.8
588,2042-26,23,3
589,2042-26,31,0.2
590,2042-26,44,0.1
591,2042-33,2,0.3
592,2042-33,9,0.5
593,2042-33,11,2
594,2042-33,23,1.5
595,2042-33,31,0.5
596,2042-33,44,0.5
597,2042-34,23,4
598,2042-38,11,0.1
599,2042-38,23,2
600,2042-38,53,3
601,2042-38,54,0.5
602,2042-43,23,2
603,2042-47,23,3
604,2042-48,23,3
605,2042-49,23,4
606,2042-49,56,0.2
607,2246-04,24,10
608,2246-05,24,6
609,2246-07,24,8
610,2246-09,24,5
611,2246-10,24,8
612,2246-10,36,0.3
613,2246-11,24,8
614,2246-11,29,0.1
615,2246-11,58,1
616,2246-12,9,1
617,2246-12,24,9
618,2246-14,8,0.1
619,2246-14,24,15
620,2246-15,3,0.1
621,2246-15,23,0.1
622,2246-15,24,16
623,2246-15,31,0.5
624,2254-02,12,0.1
625,2254-02,31,0.1
626,2254-02,42,0.3
627,2254-03,42,0.5
628,2254-04,28,1
629,2254-04,31,0.1
630,2254-04,44,0.1
631,2254-04,46,0.2
632,2254-05,9,0.5
633,2254-05,28,0.3
634,2254-05,31,1.2
635,2254-10,8,0.1
636,2254-10,28,0.1
637,2254-10,31,0.5
638,2254-12,8,0.1
639,2254-12,9,0.1
640,2254-12,28,0.1
641,2254-12,31,0.3
642,2254-12,44,0.1
643,2254-14,9,0.1
644,2254-14,31,0.5
645,2254-16,31,1
646,2254-17,46,1
647,2254-20,23,1
648,2254-20,31,0.1
649,2254-20,42,1
650,2254-21,31,0.3
651,2254-23,28,0.1
652,2254-23,31,1
653,2254-31,42,0.2
654,2254-32,31,1
655,2254-39,9,0.1
656,2254-39,11,0.1
657,2254-39,17,0.2
658,2254-39,28,0.1
659,2254-39,31,0.2
660,2254-39,44,0.1
661,2254-40,46,0.2
662,2254-42,23,0.2
663,2254-42,42,1.3
664,2254-44,35,1
665,2254-48,42,1
666,2254-48,54,0.1
667,2265-04,31,0.4
668,2265-04,44,0.1
669,2265-06,23,1
670,2265-06,44,0.1
671,2265-07,23,0.3
672,2265-09,4,1.5
673,2265-09,11,0.5
674,2265-09,44,0.1
675,2265-10,11,0.1
676,2265-10,31,0.5
677,2265-12,24,1
678,2265-13,23,1
679,2265-18,20,3
680,2265-18,22,4
681,2265-18,29,1
682,2265-19,9,0.1
683,2265-19,22,0.1
684,2265-21,9,0.2
685,2265-21,11,0.1
686,2265-21,28,0.1
687,2265-21,31,0.5
688,2265-22,9,0.3
689,2265-22,22,0.2
690,2265-24,9,0.3
691,2265-24,11,0.1
692,2265-24,31,0.1
693,2265-30,31,0.1
694,2265-30,42,0.8
695,2265-31,23,0.8
696,2265-32,9,0.1
697,2265-32,11,0.1
698,2265-32,23,0.2
699,2265-32,54,0.1
700,2265-34,23,2
701,2265-37,9,0.1
702,2265-37,11,0.1
703,2265-37,15,0.1
704,2265-37,23,0.5
705,2265-37,31,1.2
706,2265-37,35,0.5
707,2265-41,23,0.4
708,2265-43,11,1
709,2265-43,15,0.1
710,2265-43,28,0.1
711,2265-43,31,0.5
712,2265-45,6,0.1
713,2265-45,9,0.1
714,2265-45,11,0.1
715,2265-45,23,0.5
716,2265-45,31,1.2
717,2265-45,46,0.2
718,2272-02,4,1.2
719,2272-02,23,0.3
720,2272-03,9,0.2
721,2272-03,11,1
722,2272-03,23,1
723,2272-03,31,1
724,2272-08,9,0.5
725,2272-08,11,0.1
726,2272-08,31,0.5
727,2272-08,64,6
728,2272-09,22,1
729,2272-09,44,0.1
730,2272-10,11,0.2
731,2272-10,31,0.3
732,2272-15,9,0.1
733,2272-15,31,3
734,2272-15,42,1
735,2272-29,2,0.1
736,2272-29,9,0.1
737,2272-29,23,0.2
738,2272-29,31,0.3
739,2272-31,2,0.1
740,2272-31,9,0.4
741,2272-31,11,0.2
742,2272-31,15,0.1
743,2272-31,31,1
744,2272-31,44,0.2
745,2272-32,4,1.5
746,2272-32,23,0.5
747,2272-33,11,0.1
748,2272-33,31,0.3
749,2272-33,42,0.3
750,2272-33,54,0.4
751,2272-34,9,0.8
752,2272-34,11,0.2
753,2272-34,22,2
754,2272-35,7,0.5
755,2272-35,9,0.5
756,2272-35,11,0.1
757,2272-35,42,2
758,2272-36,9,0.5
759,2272-36,31,1.3
760,2272-36,54,0.5
761,2272-39,22,3
762,2272-40,4,1.4
763,2272-40,15,0.1
764,2272-40,23,0.2
765,2272-40,25,0.1
766,2272-40,44,0.2
767,2272-41,3,0.1
768,2272-41,23,1
769,2272-41,31,0.3
770,2272-42,2,0.2
771,2272-42,11,0.1
772,2272-42,23,0.5
773,2272-44,9,0.1
774,2272-44,11,0.1
775,2272-44,37,0.8
776,2281-01,24,28
777,2281-01,43,0.2
778,2281-02,4,0.5
779,2281-02,24,12
780,2281-02,64,2.5
781,2281-09,24,10
782,2281-09,33,0.5
783,2281-09,64,1
784,2281-11,8,0.2
785,2281-11,24,19
786,2281-14,24,9
787,2281-14,44,0.1
788,2281-18,3,0.2
789,2281-18,4,0.1
790,2281-18,24,20
791,2281-20,24,22
792,2281-20,64,0.2
793,2281-23,3,0.2
794,2281-23,8,3
795,2281-23,20,0.1
796,2281-23,24,12
797,2281-23,50,0.1
798,2281-25,24,20
799,2281-25,64,2
800,2281-28,24,15
801,2281-29,22,0.5
802,2281-29,24,11
803,2281-29,43,0.2
804,2281-31,10,0.2
805,2281-31,24,28
806,2281-31,43,0.2
807,2281-32,3,0.2
808,2281-32,24,10
809,2281-32,64,3
810,2281-34,8,1.8
811,2281-34,24,12
812,2281-34,27,3
813,2281-34,29,0.1
814,2281-34,50,0.1
815,2281-37,4,2
816,2281-37,24,10
817,2281-39,3,0.2
818,2281-39,24,23
819,2281-43,19,0.2
820,2281-43,20,0.1
821,2281-43,24,24
822,2281-43,35,0.1
823,2281-48,9,0.2
824,2281-48,13,0.1
825,2281-48,24,10
826,2281-49,4,0.1
827,2281-49,24,5
828,2281-50,10,0.2
829,2281-50,24,10
830,2289-01,12,0.5
831,2289-01,44,0.1
832,2289-03,12,0.5
833,2289-03,27,2
834,2289-03,50,0.1
835,2289-03,59,0.1
836,2289-03,64,0.3
837,2289-04,31,3
838,2289-04,43,3
839,2289-05,12,1
840,2289-05,27,3
841,2289-05,31,2
842,2289-06,12,0.2
843,2289-06,20,3
844,2289-06,24,1
845,2289-07,12,5
846,2289-07,19,2
847,2289-07,24,0.1
848,2289-07,27,0.1
849,2289-07,31,2
850,2289-07,39,0.2
851,2289-09,4,0.1
852,2289-09,12,0.7
853,2289-09,31,0.2
854,2289-12,4,0.1
855,2289-12,12,2
856,2289-12,64,0.1
857,2289-14,4,0.2
858,2289-14,12,0.1
859,2289-14,13,1
860,2289-18,20,2
861,2289-22,12,0.3
862,2289-22,58,0.2
863,2289-22,64,1
864,2289-23,12,3
865,2289-24,12,4
866,2289-25,12,0.5
867,2289-25,31,2
868,2289-25,41,2
869,2289-25,44,0.3
870,2289-30,12,4
871,2289-30,64,0.2
872,2289-31,12,1
873,2289-38,12,0.1
874,2289-38,24,0.1
875,2289-38,27,4
876,2289-38,31,0.2
877,2289-38,44,0.1
878,2289-44,12,4
879,2289-44,52,0.2
880,2289-45,4,0.2
881,2289-45,12,6
882,2289-45,50,0.1
883,2289-46,29,0.7
884,2289-46,31,0.2
885,2292-01,9,0.5
886,2292-01,10,2
887,2292-01,24,9
888,2292-01,31,4
889,2292-01,49,0.3
890,2292-01,56,0.1
891,2292-01,64,2
892,2292-02,9,0.1
893,2292-02,10,0.2
894,2292-02,31,1.6
895,2292-04,4,0.2
896,2292-04,10,3
897,2292-04,17,0.1
898,2292-04,24,7
899,2292-04,26,0.1
900,2292-04,31,2
901,2292-04,44,0.1
902,2292-04,59,0.1
903,2292-05,9,0.1
904,2292-05,10,0.2
905,2292-05,31,1.2
906,2292-06,10,0.1
907,2292-06,24,2
908,2292-06,31,4
909,2292-06,64,0.1
910,2292-07,9,0.1
911,2292-07,22,8
912,2292-07,30,0.3
913,2292-07,49,0.2
914,2292-08,9,0.5
915,2292-08,22,1.5
916,2292-08,27,0.1
917,2292-08,41,0.1
918,2292-08,52,0.2
919,2292-08,56,0.1
920,2292-09,4,1.9
921,2292-09,24,1
922,2292-09,31,1
923,2292-09,62,0.1
924,2292-10,8,0.3
925,2292-10,10,0.3
926,2292-10,22,1
927,2292-10,24,0.1
928,2292-10,50,0.1
929,2292-12,9,0.3
930,2292-12,18,2
931,2292-12,24,0.1
932,2292-12,25,0.6
933,2292-12,31,3
934,2292-12,41,6
935,2292-12,59,0.1
936,2292-12,62,0.1
937,2292-12,63,0.1
938,2292-12,64,0.1
939,2292-13,8,3
940,2292-13,9,0.1
941,2292-13,13,0.8
942,2292-13,22,5
943,2292-13,50,0.1
944,2292-13,60,1.3
945,2292-14,9,0.1
946,2292-14,22,3
947,2292-14,44,0.1
948,2292-14,50,0.1
949,2292-14,56,0.1
950,2292-14,64,0.1
951,2292-15,4,0.2
952,2292-15,9,0.1
953,2292-15,10,0.2
954,2292-15,12,0.1
955,2292-15,24,15
956,2292-15,27,0.1
957,2292-15,31,1
958,2292-15,50,0.2
959,2292-15,56,0.2
960,2292-15,57,0.2
961,2292-15,63,0.1
962,2292-15,64,2
963,2292-16,24,12
964,2292-16,58,0.1
965,2292-16,64,2
966,2292-19,22,4
967,2292-19,24,1
968,2292-19,31,2
969,2292-19,44,0.1
970,2292-20,4,3
971,2292-20,9,0.1
972,2292-20,10,0.5
973,2292-20,24,4.3
974,2292-20,30,0.5
975,2292-20,31,3
976,2292-20,50,0.5
977,2292-20,56,0.2
978,2292-20,57,0.1
979,2292-20,59,0.3
980,2292-20,62,0.1
981,2292-20,64,1.2
982,2292-21,9,0.1
983,2292-21,10,0.1
984,2292-21,24,0.1
985,2292-21,29,0.1
986,2292-21,36,1
987,2292-21,54,0.1
988,2292-21,59,0.2
989,2292-22,13,0.5
990,2292-22,24,6
991,2292-22,31,2
992,2292-22,32,0.1
993,2292-22,38,1
994,2292-22,50,0.1
995,2292-22,62,0.1
996,2410-13,4,1
997,2410-13,23,0.8
998,2410-13,24,0.1
999,2410-14,22,0.5
1000,2410-14,23,0.2
1001,2410-20,16,1
1002,2410-20,23,0.1
1003,2410-20,24,0.2
1004,2410-20,31,0.2
1005,2410-23,23,0.2
1006,2410-23,24,0.1
1007,2410-23,31,1.6
1008,2410-23,44,0.1
1009,2410-25,24,0.5
1010,2410-28,23,2
1011,2410-30,23,2
1012,2410-31,4,2
1013,2410-31,9,0.1
1014,2410-31,11,0.1
1015,2410-31,23,0.2
1016,2410-31,44,0.1
1017,2410-34,4,2
1018,2410-34,23,0.1
1019,2410-34,31,0.5
1020,2410-34,40,1
1021,2410-35,9,0.2
1022,2410-35,15,0.1
1023,2410-35,22,0.3
1024,2410-35,31,0.3
1025,2410-35,44,0.1
1026,2410-36,11,0.1
1027,2410-36,24,0.3
1028,2410-36,31,0.2
1029,2410-38,23,0.4
1030,2410-38,31,0.5
1031,2410-38,44,0.1
1032,2410-40,23,2
1033,2410-42,23,0.2
1034,2410-42,31,1.8
1035,2410-43,4,1
1036,2410-43,24,1
1037,2410-44,23,2
1038,2410-45,23,1
1039,2410-46,4,0.2
1040,2410-46,23,0.1
1041,2410-46,31,1.6
1042,2410-46,44,0.1
1043,2410-48,23,2
1044,2410-50,22,2
1045,2422-01,23,3
1046,2422-01,24,1
1047,2422-02,4,0.1
1048,2422-02,23,0.2
1049,2422-02,53,0.1
1050,2422-07,23,1
1051,2422-13,23,3
1052,2422-14,4,0.1
1053,2422-14,23,2.8
1054,2422-14,44,0.1
1055,2422-15,23,3
1056,2422-20,23,2
1057,2422-21,23,1
1058,2422-22,23,0.5
1059,2422-23,23,0.5
1060,2422-23,31,0.5
1061,2422-25,18,0.1
1062,2422-25,23,2
1063,2422-28,23,1
1064,2422-30,23,1
1065,2422-32,23,4
1066,2422-35,23,0.5
1067,2422-35,45,0.1
1068,2422-38,23,1
1069,2422-44,23,0.5
1070,2422-47,23,2
1071,2422-48,23,1
1072,2432-01,23,0.2
1073,2432-01,31,0.6
1074,2432-01,32,0.2
1075,2432-02,48,3
1076,2432-03,4,0.5
1077,2432-03,31,0.1
1078,2432-04,11,0.1
1079,2432-04,23,0.3
1080,2432-04,31,1
1081,2432-05,4,6
1082,2432-06,11,0.1
1083,2432-06,23,0.3
1084,2432-06,31,0.1
1085,2432-06,32,0.5
1086,2432-08,23,1
1087,2432-08,32,0.3
1088,2432-10,5,3
1089,2432-10,44,0.1
1090,2432-11,31,3
1091,2432-12,9,0.1
1092,2432-12,22,0.3
1093,2432-13,11,0.1
1094,2432-13,22,1
1095,2432-13,23,1.5
1096,2432-13,31,0.5
1097,2432-13,32,0.5
1098,2432-14,22,3
1099,2432-15,11,0.1
1100,2432-15,22,0.3
1101,2432-15,28,0.1
1102,2432-15,32,0.1
1103,2432-16,22,1
1104,2432-16,32,0.2
1105,2432-17,4,10
1106,2432-18,11,0.1
1107,2432-18,32,0.1
1108,2432-18,37,1.8
1109,2432-20,11,0.1
1110,2432-20,23,0.5
1111,2432-20,31,0.8
1112,2432-35,31,2
1113,2432-35,32,1
1114,2432-37,4,10
1115,2432-47,4,2
1116,2432-47,48,0.5
1117,2434-01,4,1
1118,2434-06,9,0.1
1119,2434-06,11,0.2
1120,2434-06,31,0.2
1121,2434-13,31,0.1
1122,2434-14,28,0.1
1123,2434-14,31,0.3
1124,2434-14,44,0.2
1125,2434-15,4,1
1126,2434-18,20,2
1127,2434-25,11,0.1
1128,2434-25,31,0.5
1129,2434-31,24,0.1
1130,2434-31,31,0.2
1131,2434-32,31,1
1132,2434-33,27,1
1133,2434-33,31,1
1134,2434-38,31,1
1135,2434-41,10,0.2
1136,2434-41,23,0.1
1137,2434-41,31,0.2
1138,2444-01,31,4
1139,2444-03,23,2
1140,2444-05,23,1.5
1141,2444-05,31,0.5
1142,2444-10,9,0.1
1143,2444-10,31,4
1144,2444-10,44,0.1
1145,2444-13,9,0.5
1146,2444-13,11,0.1
1147,2444-13,31,1.3
1148,2444-13,44,0.1
1149,2444-22,23,2
1150,2444-27,9,1.3
1151,2444-27,23,1.6
1152,2444-27,31,0.1
1153,2444-28,31,2
1154,2444-28,44,0.2
1155,2444-29,9,2
1156,2444-29,31,0.5
1157,2444-29,42,0.2
1158,2444-29,44,0.1
1159,2444-30,9,0.3
1160,2444-30,11,0.1
1161,2444-30,23,0.3
1162,2444-30,31,0.2
1163,2444-31,4,0.1
1164,2444-31,9,0.1
1165,2444-31,23,0.1
1166,2444-31,31,0.7
1167,2444-31,44,0.1
1168,2444-32,18,0.1
1169,2444-32,23,3
1170,2444-32,30,2
1171,2444-33,9,0.1
1172,2444-33,23,0.6
1173,2444-33,31,0.1
1174,2444-35,9,0.1
1175,2444-35,23,0.7
1176,2444-35,31,0.2
1177,2444-36,4,2
1178,2444-37,9,0.3
1179,2444-37,11,0.3
1180,2444-37,31,0.8
1181,2444-37,54,0.1
1182,2444-38,9,0.3
1183,2444-38,11,0.1
1184,2444-38,22,1.2
1185,2444-38,23,0.4
1186,2444-44,9,0.5
1187,2444-44,11,0.1
1188,2444-44,22,1.5
1189,2444-44,23,3.6
1190,2444-44,44,0.1
1191,2444-44,54,1
1192,2444-45,9,1
1193,2444-45,11,0.3
1194,2444-45,31,0.7
1195,2444-49,4,3
1196,2444-49,7,0.1
1197,2444-49,9,0.1
1198,2444-49,11,0.4
1199,2444-49,28,0.1
1200,2444-49,31,4.5
1201,2444-49,44,0.3